source,transaction_id,expected_match_source,expected_match_ids,expected_exception_type
processor,PAY2001,bank,BANK3001,
bank,BANK3001,erp,JNL4001,
processor,PAY2002,bank,BANK3002,
bank,BANK3002,erp,JNL4002,
processor,PAY2003,bank,BANK3003,
bank,BANK3003,erp,JNL4003,
processor,PAY2004,bank,BANK3004,
bank,BANK3004,erp,JNL4004,
processor,PAY2005,bank,BANK3005,
bank,BANK3005,erp,JNL4005,
processor,PAY2006,bank,BANK3006,
bank,BANK3006,erp,JNL4006,
processor,PAY2007,bank,BANK3007,
bank,BANK3007,erp,JNL4007,
processor,PAY2008,bank,BANK3008,
bank,BANK3008,erp,JNL4008,
processor,PAY2009,bank,BANK3009,
bank,BANK3009,erp,JNL4009,
processor,PAY2010,bank,BANK3010,
bank,BANK3010,erp,JNL4010,
processor,PAY2011,bank,BANK3011,
bank,BANK3011,erp,JNL4011,
processor,PAY2012,bank,BANK3012,
bank,BANK3012,erp,JNL4012,
processor,PAY2013,bank,BANK3013,
bank,BANK3013,erp,JNL4013,
processor,PAY2014,bank,BANK3014,
bank,BANK3014,erp,JNL4014,
processor,PAY2015,bank,BANK3015,
bank,BANK3015,erp,JNL4015,
processor,PAY2016,bank,BANK3016,
bank,BANK3016,erp,JNL4016,
processor,PAY2017,bank,BANK3017,
bank,BANK3017,erp,JNL4017,
processor,PAY2018,bank,BANK3018,
bank,BANK3018,erp,JNL4018,
processor,PAY2019,bank,BANK3019,
bank,BANK3019,erp,JNL4019,
processor,PAY2020,bank,BANK3020,
bank,BANK3020,erp,JNL4020,
processor,PAY2021,bank,BANK3021,
bank,BANK3021,erp,JNL4021,
processor,PAY2022,bank,BANK3022,
bank,BANK3022,erp,JNL4022,
processor,PAY2023,bank,BANK3023,
bank,BANK3023,erp,JNL4023,
processor,PAY2024,bank,BANK3024,
bank,BANK3024,erp,JNL4024,
processor,PAY2025,bank,BANK3025,
bank,BANK3025,erp,JNL4025,
processor,PAY2026,bank,BANK3026,
bank,BANK3026,erp,JNL4026,
processor,PAY2027,bank,BANK3027,
bank,BANK3027,erp,JNL4027,
processor,PAY2028,bank,BANK3028,
bank,BANK3028,erp,JNL4028,
processor,PAY2029,bank,BANK3029,
bank,BANK3029,erp,JNL4029,
processor,PAY2030,bank,BANK3030,
bank,BANK3030,erp,JNL4030,
processor,PAY2031,bank,BANK3031,
bank,BANK3031,erp,JNL4031,
processor,PAY2032,bank,BANK3032,
bank,BANK3032,erp,JNL4032,
processor,PAY2033,bank,BANK3033,
bank,BANK3033,erp,JNL4033,
processor,PAY2034,bank,BANK3034,
bank,BANK3034,erp,JNL4034,
processor,PAY2035,bank,BANK3035,
bank,BANK3035,erp,JNL4035,
processor,PAY2036,bank,BANK3036,
bank,BANK3036,erp,JNL4036,
processor,PAY2037,bank,BANK3037,
bank,BANK3037,erp,JNL4037,
processor,PAY2038,bank,BANK3038,
bank,BANK3038,erp,JNL4038,
processor,PAY2039,bank,BANK3039,
bank,BANK3039,erp,JNL4039,
processor,PAY2040,bank,BANK3040,
bank,BANK3040,erp,JNL4040,
processor,PAY2041,bank,BANK3041,
bank,BANK3041,erp,JNL4041,
processor,PAY2042,bank,BANK3042,
bank,BANK3042,erp,JNL4042,
processor,PAY2043,bank,BANK3043,
bank,BANK3043,erp,JNL4043,
processor,PAY2044,bank,BANK3044,
bank,BANK3044,erp,JNL4044,
processor,PAY2045,bank,BANK3045,
bank,BANK3045,erp,JNL4045,
processor,PAY2046,bank,BANK3046,
bank,BANK3046,erp,JNL4046,
processor,PAY2047,bank,BANK3047,
bank,BANK3047,erp,JNL4047,
processor,PAY2048,bank,BANK3048,
bank,BANK3048,erp,JNL4048,
processor,PAY2049,bank,BANK3049,
bank,BANK3049,erp,JNL4049,
processor,PAY2050,bank,BANK3050,
bank,BANK3050,erp,JNL4050,
processor,PAY2051,bank,BANK3051,
bank,BANK3051,erp,JNL4051,
processor,PAY2052,bank,BANK3052,
bank,BANK3052,erp,JNL4052,
processor,PAY2053,bank,BANK3053,
processor,PAY2054,bank,BANK3054,
processor,PAY2055,bank,BANK3055,
processor,PAY2056,bank,BANK3056,
processor,PAY2057,bank,BANK3057,
processor,PAY2058,bank,BANK3058,
processor,PAY2059,bank,BANK3059,
processor,PAY2060,bank,BANK3060,
processor,PAY2061,bank,BANK3061,
processor,PAY2062,bank,BANK3062,
processor,PAY2063,bank,BANK3063,
processor,PAY2064,bank,BANK3064,
processor,PAY2065,bank,BANK3065,
processor,PAY2066,bank,BANK3066,
processor,PAY2067,bank,BANK3067,
processor,PAY2068,bank,BANK3068,
processor,PAY2069,bank,BANK3069,
processor,PAY2070,bank,BANK3070,
processor,PAY2071,bank,BANK3071,
processor,PAY2072,bank,BANK3072,
processor,PAY2073,bank,BANK3073,
processor,PAY2074,bank,BANK3074,
processor,PAY2075,bank,BANK3075,
processor,PAY2076,bank,BANK3076,
processor,PAY2077,bank,BANK3077,
processor,PAY2078,bank,BANK3078,
processor,PAY2079,bank,BANK3079,
processor,PAY2080,bank,BANK3080,
processor,PAY2081,bank,BANK3081,
processor,PAY2082,bank,BANK3082,
processor,PAY2083,bank,BANK3083,
processor,PAY2084,bank,BANK3084,
processor,PAY2085,bank,BANK3085,
processor,PAY2086,bank,BANK3086,
processor,PAY2087,bank,BANK3087,
processor,PAY2088,bank,BANK3087,
processor,PAY2089,bank,BANK3087,
processor,PAY2090,bank,BANK3087,
bank,BANK3087,erp,JNL4053,
processor,PAY2091,bank,BANK3088,
processor,PAY2092,bank,BANK3088,
processor,PAY2093,bank,BANK3088,
processor,PAY2094,bank,BANK3088,
bank,BANK3088,erp,JNL4054,
processor,PAY2095,bank,BANK3089,
processor,PAY2096,bank,BANK3089,
processor,PAY2097,bank,BANK3089,
processor,PAY2098,bank,BANK3089,
bank,BANK3089,erp,JNL4055,
processor,PAY2099,bank,BANK3090,
processor,PAY2100,bank,BANK3090,
processor,PAY2101,bank,BANK3090,
processor,PAY2102,bank,BANK3090,
bank,BANK3090,erp,JNL4056,
processor,PAY2103,bank,BANK3091,
processor,PAY2104,bank,BANK3091,
processor,PAY2105,bank,BANK3091,
processor,PAY2106,bank,BANK3091,
bank,BANK3091,erp,JNL4057,
processor,PAY2107,bank,BANK3092,
processor,PAY2108,bank,BANK3092,
processor,PAY2109,bank,BANK3092,
processor,PAY2110,bank,BANK3092,
bank,BANK3092,erp,JNL4058,
processor,PAY2111,bank,BANK3093,
processor,PAY2112,bank,BANK3093,
processor,PAY2113,bank,BANK3093,
processor,PAY2114,bank,BANK3093,
bank,BANK3093,erp,JNL4059,
erp,JNL4060,bank,BANK3094;BANK3095,
erp,JNL4061,bank,BANK3096;BANK3097,
erp,JNL4062,bank,BANK3098;BANK3099,
erp,JNL4063,bank,BANK3100;BANK3101,
erp,JNL4064,bank,BANK3102;BANK3103,
erp,JNL4065,,,partially_paid
erp,JNL4066,,,partially_paid
erp,JNL4067,,,partially_paid
erp,JNL4068,,,partially_paid
erp,JNL4069,,,overpaid
erp,JNL4070,,,overpaid
erp,JNL4071,,,overpaid
erp,JNL4072,,,overpaid
processor,PAY2115,,,amount_mismatch
processor,PAY2116,,,amount_mismatch
processor,PAY2117,,,amount_mismatch
processor,PAY2118,,,amount_mismatch
processor,PAY2119,,,amount_mismatch
processor,PAY2120,,,amount_mismatch
processor,PAY2121,,,amount_mismatch
processor,PAY2122,,,amount_mismatch
processor,PAY2123,,,amount_mismatch
processor,PAY2124,,,amount_mismatch
processor,PAY2125,,,missing_counterpart
processor,PAY2126,,,missing_counterpart
processor,PAY2127,,,missing_counterpart
processor,PAY2128,,,missing_counterpart
processor,PAY2129,,,missing_counterpart
processor,PAY2130,,,missing_counterpart
processor,PAY2131,,,missing_counterpart
processor,PAY2132,,,missing_counterpart
bank,BANK3130,,,unidentified_cash
bank,BANK3131,,,unidentified_cash
bank,BANK3132,,,unidentified_cash
bank,BANK3133,,,unidentified_cash
bank,BANK3134,,,unidentified_cash
bank,BANK3135,,,unidentified_cash
bank,BANK3136,,,unidentified_cash
bank,BANK3137,,,unidentified_cash
processor,PAY2133,,,duplicate
processor,PAY2134,,,duplicate
processor,PAY2135,,,duplicate
processor,PAY2136,,,duplicate
processor,PAY2137,,,duplicate
processor,PAY2138,,,duplicate
processor,PAY2139,bank,BANK3150,
bank,BANK3151,processor,PAY2139,
processor,PAY2140,bank,BANK3152,
bank,BANK3153,processor,PAY2140,
processor,PAY2141,bank,BANK3154,
bank,BANK3155,processor,PAY2141,
processor,PAY2142,bank,BANK3156,
bank,BANK3157,processor,PAY2142,
processor,PAY2143,bank,BANK3158,
bank,BANK3159,processor,PAY2143,
processor,PAY2144,bank,BANK3160,
bank,BANK3161,processor,PAY2144,
processor,PAY2145,bank,BANK3162,
processor,PAY2145,,,refund_missing_from_bank
processor,PAY2146,bank,BANK3163,
processor,PAY2146,,,refund_missing_from_bank
processor,PAY2147,bank,BANK3164,
processor,PAY2147,,,refund_missing_from_bank
processor,PAY2148,bank,BANK3165,
processor,PAY2148,,,refund_missing_from_bank
processor,PAY2149,bank,BANK3166,
processor,PAY2149,,,duplicate_refund
processor,PAY2150,bank,BANK3169,
processor,PAY2150,,,duplicate_refund
processor,PAY2151,bank,BANK3172,
processor,PAY2151,,,duplicate_refund
processor,PAY2152,,,amount_mismatch
processor,PAY2153,,,manual_data_quality_exception
processor,PAY2154,,,manual_data_quality_exception
processor,PAY2155,,,manual_data_quality_exception
processor,PAY2156,,,duplicate
processor,PAY2157,,,manual_data_quality_exception
processor,PAY2158,,,duplicate
processor,PAY2159,,,currency_mismatch
processor,PAY2160,,,currency_mismatch
processor,PAY2161,,,currency_mismatch
processor,PAY2162,,,currency_mismatch
erp,JNL4073,,,missing_counterpart
erp,JNL4074,,,missing_counterpart
erp,JNL4075,,,missing_counterpart
erp,JNL4076,,,missing_counterpart
erp,JNL4077,,,missing_counterpart
bank,BANK3187,erp,JNL4078,
erp,JNL4078,bank,BANK3187,
bank,BANK3188,erp,JNL4079,
erp,JNL4079,bank,BANK3188,
bank,BANK3189,erp,JNL4080,
erp,JNL4080,bank,BANK3189,
bank,BANK3190,erp,JNL4081,
erp,JNL4081,bank,BANK3190,
bank,BANK3191,erp,JNL4082,
erp,JNL4082,bank,BANK3191,
processor,PAY2163,bank,BANK3192,
processor,PAY2164,bank,BANK3193,
processor,PAY2165,bank,BANK3194,
processor,PAY2166,bank,BANK3195,
processor,PAY2167,bank,BANK3196,
processor,PAY2168,bank,BANK3197,
processor,PAY2169,bank,BANK3198,
processor,PAY2170,bank,BANK3199,
processor,PAY2171,bank,BANK3200,
processor,PAY2172,bank,BANK3202,
processor,PAY2173,bank,BANK3204,
processor,PAY2174,bank,BANK3206,
processor,PAY2175,bank,BANK3208,
processor,PAY2176,bank,BANK3210,
processor,PAY2177,bank,BANK3212,
bank,BANK3214,erp,JNL4083,
erp,JNL4083,bank,BANK3214,
bank,BANK3215,erp,JNL4084,
erp,JNL4084,bank,BANK3215,
bank,BANK3216,erp,JNL4085,
erp,JNL4085,bank,BANK3216,
bank,BANK3217,erp,JNL4086,
erp,JNL4086,bank,BANK3217,
bank,BANK3218,erp,JNL4087,
erp,JNL4087,bank,BANK3218,
bank,BANK3219,erp,JNL4088,
erp,JNL4088,bank,BANK3219,
bank,BANK3220,erp,JNL4089,
erp,JNL4089,bank,BANK3220,
processor,PAY2178,bank,BANK3221,
processor,PAY2179,bank,BANK3222,
processor,PAY2180,bank,BANK3223,
processor,PAY2181,bank,BANK3224,
processor,PAY2182,bank,BANK3225,
processor,PAY2183,bank,BANK3226,
processor,PAY2184,bank,BANK3227,
processor,PAY2185,bank,BANK3228,
processor,PAY2186,bank,BANK3229,
processor,PAY2187,bank,BANK3230,
processor,PAY2188,bank,BANK3231,
processor,PAY2189,bank,BANK3232,
processor,PAY2190,bank,BANK3233,
processor,PAY2191,bank,BANK3233,
processor,PAY2192,bank,BANK3233,
processor,PAY2193,bank,BANK3234,
processor,PAY2194,bank,BANK3234,
processor,PAY2195,bank,BANK3234,
processor,PAY2196,bank,BANK3235,
processor,PAY2197,bank,BANK3235,
processor,PAY2198,bank,BANK3235,
processor,PAY2199,bank,BANK3236,
processor,PAY2200,bank,BANK3236,
processor,PAY2201,bank,BANK3236,
